CLIENT_TOGETHER INCOME;LOAN_OUTSTANDINGLOANSCOUNT;DELAY
3750;2;0
4450;5;0
8000;0;0
2150;1;1
6000;2;0
3500;1;1
6380;2;1
4000;2;0
7000;6;1
6287,22;3;0
6000;1;0
4500;0;1
7000;3;1
5200;2;0
10200;5;1
11000;5;1
6000;7;0
4500;7;1
4000;3;0
10000;6;1
5800;6;1
4500;1;1
9900;4;0
4800;6;1
7000;4;1
4800;1;1
10000;11;0
2450;0;0
6000;1;0
15000;1;0
7000;14;0
2500;1;1
3800;1;1
8900;9;0
4100;2;1
7000;4;0
4612;0;0
4200;2;0
11000;6;1
2100;3;0
3580;2;0
7000;1;0
5000;3;0
2500;2;0
2200;3;0
3500;6;0
8000;3;1
7000;3;0
4500;4;0
8000;5;0
3500;3;0
5500;8;0
8600;3;0
2575;3;0
7500;1;0
4200;1;0
2700;2;1
12000;2;1
8000;3;1
3030;1;0
12000;1;0
4000;2;0
6000;2;0
2200;1;1
2123;1;0
3700;2;0
8000;10;1
4500;5;1
10000;3;1
3638,92;1;0
3200;3;1
4200;0;0
5500;3;0
5700;13;1
5200;2;0
5100;1;0
4000;5;1
8000;2;1
15000;9;0
6300;1;0
10000;5;0
13500;3;0
8500;8;1
7000;2;0
6500;2;0
3200;1;0
3800;9;0
7000;1;0
4500;7;1
3200;2;1
4000;5;0
4000;3;0
3500;1;1
6500;5;1
4500;1;1
10000;11;1
5100;3;0
5000;7;1
9000;3;0
7050;1;0
5500;5;0
3400;3;1
5000;1;0
4200;1;0
3600;3;0
8500;11;1
10000;7;0
2000;1;0
5500;1;0
5150;7;0
2300;1;0
4000;5;0
7923,35;6;1
4500;2;0
3500;1;1
4500;2;0
3200;1;0
7200;2;1
5000;2;0
4200;9;0
7000;4;0
5000;5;0
10000;2;1
4800;2;1
5069,95;0;0
2000;1;0
6500;3;1
4700;5;0
4100;2;1
4000;5;1
8000;5;0
10000;13;0
6000;6;1
3600;2;0
5000;4;1
4000;4;1
4200;3;0
15000;6;0
6000;5;1
7500;5;1
7000;1;0
4000;1;0
5000;5;0
6000;4;0
6000;1;0
11200;5;1
7000;0;0
7000;2;0
12000;2;1
4000;0;0
8100;8;1
6000;4;1
24000;0;0
5000;3;1
7500;1;0
5000;5;0
2180;3;0
8000;2;0
6230,31;1;0
6000;5;1
5000;5;1
7200;9;1
5000;2;1
9000;6;1
5100;2;1
6000;2;1
10000;8;1
3000;1;0
8700;15;1
6000;0;1
3600;3;1
3068;1;0
3000;1;0
6700;4;0
4000;1;0
3500;4;0
3200;1;0
2300;3;0
13000;7;0
4500;1;1
7000;12;1
6000;2;0
7000;4;1
2000;1;1
5650;2;1
7200;2;0
8000;4;1
6589,71;4;1
2200;0;0
7537;3;1
6500;2;0
3254,17;3;0
3269,42;2;0
5500;9;1
8000;1;0
6200;1;0
20000;3;0
15000;21;1
6000;1;0
4500;3;1
3800;5;1
6000;5;0
4000;1;0
3500;1;0
9000;2;0
11000;8;0
8300;6;1
3500;0;0
7200;0;0
6000;1;0
10000;4;0
4800;1;0
7000;4;1
10000;3;0
7000;5;1
6500;2;0
4500;1;1
6500;1;0
3200;7;0
11000;2;0
9000;3;0
5500;2;0
7500;5;1
3500;2;1
6400;6;1
4500;2;1
4193,53;1;0
3000;4;1
13192,98;4;0
7000;11;1
7000;5;1
4800;1;1
8300;5;1
4500;9;1
5500;2;1
5000;0;0
6000;2;0
7000;0;0
7000;0;0
5000;7;1
10000;0;1
10000;3;0
5850;6;1
5200;1;0
5000;3;0
7050;2;1
7000;9;0
3500;5;1
3000;2;0
7000;5;1
18000;6;1
8250;4;1
5000;3;0
6500;8;0
6500;10;0
5000;1;0
11000;2;0
5400;4;0
6500;1;1
5112,56;4;0
7800;1;0
3200;1;0
6500;5;1
10000;1;0
7600;10;1
5000;2;1
5000;5;0
10000;3;1
4000;1;0
10000;5;1
8000;10;1
4000;1;1
4000;1;0
5400;2;1
5000;0;0
6000;1;0
4500;8;1
3800;0;0
3500;5;0
5000;7;1
7600;5;1
6000;6;0
7500;1;0
4500;4;1
2600;0;0
4800;2;0
5500;1;1
6000;3;0
3380;0;0
7500;2;0
7650;7;0
6000;4;1
6500;2;1
9200;7;1
10000;4;1
15000;2;1
12000;13;1
5600;2;1
4500;5;0
6500;0;0
10000;3;1
5200;4;0
6000;4;0
4100;1;0
3500;1;1
4100;0;0
5700;13;1
5000;2;0
3000;1;0
5500;2;0
5000;1;1
7000;8;0
4700;11;1
8000;3;1
3200;1;0
7000;1;0
4250;1;0
5000;1;0
6700;5;0
7000;3;1
3200;0;0
6000;1;1
7600;3;1
5000;7;1
4200;1;0
5500;5;1
5000;0;0
10000;5;0
4500;3;0
6000;4;0
6000;1;0
5700;2;0
8000;2;1
6000;3;0
20000;2;0
3786,93;3;0
10000;2;0
4000;5;1
3200;2;0
5000;5;0
8985,3;3;0
3200;1;0
10000;4;0
6000;4;0
15000;2;0
3500;3;0
7100;1;0
12000;19;1
12000;2;0
4600;5;0
3000;6;0
5000;1;0
5000;1;0
18000;2;0
10000;5;1
5400;15;1
9000;4;0
8000;2;0
4500;4;0
9400;7;1
2700;2;0
7800;4;0
4200;0;0
3700;2;0
6500;3;0
5000;2;0
5000;4;0
8000;3;0
6000;7;1
3600;3;0
5500;2;1
6900;2;1
6800;3;0
10000;0;0
10000;2;0
17000;0;0
6000;2;0
5500;3;1
3800;9;0
8300;5;0
9000;2;0
6500;1;1
8500;5;1
7300;4;0
6000;4;0
7000;8;1
4500;0;0
5400;0;0
4000;7;0
10000;3;1
6400;1;0
19200;3;1
6200;3;0
8000;1;0
6500;2;0
8500;3;0
5000;2;0
8500;3;1
5500;4;1
5800;1;0
5100;1;0
27000;7;0
4500;0;0
6500;3;1
6000;6;1
3300;1;0
7000;6;1
7000;7;0
3900;2;0
33800;14;1
7100;2;1
3000;0;0
6500;2;0
5400;1;0
10000;4;0
8000;2;1
11000;4;0
10000;5;1
11000;4;0
5000;8;1
4500;0;0
7000;3;1
5500;7;1
5000;6;0
5000;2;0
7000;4;0
5500;4;0
3200;4;0
5000;3;0
8500;5;0
3000;3;0
7000;3;0
5420;4;0
5000;0;0
7500;4;1
5000;1;0
7400;4;0
4900;3;0
5000;3;1
10000;13;1
7100;4;1
8458,66;9;1
8000;3;1
4400;3;0
5000;2;0
5000;2;0
9000;3;0
10000;5;0
22500;0;0
8000;2;0
8000;4;1
15000;7;1
6000;1;0
4200;5;0
3500;5;0
2439,05;5;0
5600;5;0
6330;1;0
9000;11;1
9000;1;0
8500;9;1
6700;3;0
5000;7;1
7000;8;1
7000;2;0
5000;1;0
7000;4;1
8500;6;0
15000;3;0
10000;4;1
9000;1;0
4500;6;1
15000;1;0
71000;1;0
71000;1;0
71000;1;0
10844,98;0;0
10000;4;0
7130;0;0
8500;5;1
5700;2;1
5482,32;1;0
5000;3;0
7837,63;4;1
16000;1;0
7000;3;1
4300;3;0
7394,25;0;0
10000;0;0
4000;1;1
3100;4;0
3350;0;0
8700;3;0
3200;3;1
2200;3;0
7500;8;1
4550;1;0
7000;1;0
7000;4;1
4000;1;0
7000;4;1
2100;4;0
4000;3;0
20000;5;1
4400;1;0
10000;5;1
8000;12;1
3500;6;1
10000;4;1
18000;2;0
8000;2;1
8000;1;1
5500;5;1
7500;15;1
6000;14;1
8000;1;1
10000;3;0
11984,43;2;0
20000;9;1
8000;12;0
10500;5;0
5500;6;1
2500;2;0
5500;3;1
25000;2;0
8000;2;0
6000;3;1
5000;3;0
12000;0;0
30000;4;0
5000;1;0
2800;1;0
5000;5;0
5500;3;1
4200;2;0
5000;4;1
24873,17;3;0
4000;5;0
6000;6;0
9000;5;0
3000;2;0
4500;3;0
7000;3;1
5000;1;0
7000;1;0
7200;6;0
5700;2;1
5200;1;1
7000;3;0
95729,27;5;1
8000;2;1
7500;5;0
13000;3;0
70409;5;0
7500;3;1
6400;2;0
6000;2;1
5900;2;0
4300;1;1
10000;1;0
9000;1;1
6000;4;0
10000;7;1
70409;5;0
4000;4;0
8500;1;0
3500;7;1
5700;1;0
25000;1;0
6500;1;0
9000;7;0
5000;5;1
3380;2;0
10000;1;1
10000;2;1
12500;3;0
7950;6;0
6000;3;1
6500;13;1
6000;2;1
7000;6;1
4800;1;1
8300;5;0
80000;13;1
4300;1;0
5000;4;0
5800;2;0
6100;5;1
11368;2;0
9000;10;0
3005;2;1
8000;10;1
4500;1;1
7200;6;0
5000;1;1
7000;2;0
11000;6;0
4800;4;0
5500;3;0
6991,61;0;0
70409;5;0
6000;4;0
5000;4;0
6000;4;0
6991,61;0;0
3500;2;0
5500;1;0
70409;5;0
5000;2;0
14500;4;0
7500;6;0
4500;2;1
20000;21;1
4200;2;1
5500;1;0
12000;4;1
3200;2;0
10000;1;0
6000;3;1
6000;5;1
7570;3;1
3500;1;0
6300;5;1
12000;10;1
3100;3;0
12000;2;0
7500;2;1
3800;3;0
9000;8;1
4500;1;0
2544;3;0
3500;2;0
6900;4;0
8000;2;0
3912;2;1
22000;8;0
6000;6;1
6991,61;0;0
6500;0;0
5090;3;0
4800;2;0
4500;1;1
5500;1;1
7000;0;1
32000;2;1
6268;7;1
6000;6;0
4200;3;0
8365;4;1
30000;13;1
10000;7;1
15000;5;0
10000;4;1
23000;6;0
5000;3;0
9000;7;0
3000;2;0
5000;2;1
4600;2;0
5000;0;0
14800;2;0
6000;2;1
5200;1;1
8000;8;0
6500;6;1
3475,11;3;0
3800;1;0
3500;2;1
7100;4;1
6000;4;1
20000;9;1
2500;3;1
5500;1;1
6000;2;1
6000;3;0
18000;10;1
11500;2;1
7000;2;1
7500;2;1
15000;1;0
10000;3;0
12000;4;0
11000;4;0
72820;3;0
3200;5;0
3600;0;0
5000;0;0
3500;1;0
6000;1;1
6000;13;1
10000;2;1
5481,04;1;0
5000;0;1
27965,58;13;1
10500;3;1
15000;8;1
5500;1;0
9000;7;0
9000;2;1
27965,58;13;1
4000;1;0
6550;2;0
21600;4;0
3500;3;0
5000;3;0
6268;7;0
4800;2;0
7000;3;0
2500;2;1
20000;2;0
4500;4;1
9500;1;0
12000;20;1
15000;11;0
3800;2;1
7000;6;0
10000;2;1
4100;2;0
5000;1;0
5000;1;0
5000;1;1
5000;1;1
6000;1;1
13038;2;1
4000;0;0
4000;1;1
5000;0;0
95700;5;1
15000;4;0
10941,12;5;0
14892,5;5;1
6000;3;0
7000;4;0
4000;1;0
6500;1;0
4200;0;0
1818,46;3;0
6400;1;0
4500;1;0
6000;2;0
4500;4;0
3200;0;0
9891,54;2;0
5100;2;1
6500;4;0
7000;0;1
7000;4;0
53415;5;1
6000;3;0
10000;4;1
5700;1;0
15000;2;0
4000;3;0
10500;1;0
8500;4;0
5000;2;0
8000;0;0
4500;2;1
5000;3;0
3200;2;0
2900;5;1
3345;1;0
3500;1;1
13416,67;2;1
4000;8;1
4200;2;0
8000;3;1
3500;6;0
8500;2;1
2470;1;1
8500;7;0
53650,5;4;1
9000;1;0
6000;4;1
6831,48;1;0
5200;6;0
4500;1;0
8800;2;0
4000;4;1
8000;1;0
8000;6;1
4500;2;0
3000;0;0
4000;2;0
5500;0;0
10000;0;1
5500;5;0
4000;4;0
9424,33;1;1
8500;7;1
4700;6;1
7000;1;0
19000;8;1
12000;6;1
80000;13;1
7500;6;1
8191,91;0;0
4500;0;0
9000;6;0
7600;0;0
6000;2;0
16000;13;1
6000;0;0
4200;0;0
2800;2;1
8000;1;1
7800;1;0
8000;1;1
12000;1;1
15000;9;0
10000;5;0
11000;13;1
13500;3;0
5000;4;1
4000;1;0
5300;3;0
8500;0;1
9500;2;0
89274,74;3;1
4500;4;0
4232,76;2;0
8149,75;4;0
5000;0;0
7200;1;0
5200;1;0
10000;4;0
15697,5;4;1
2900;1;0
6000;4;1
3200;0;0
2385,11;1;0
4500;3;0
6000;4;0
3500;2;0
8500;8;1
6490;1;1
3512,59;2;0
6500;4;1
8000;2;0
6500;3;1
8300;2;0
7299,84;2;0
7000;2;1
12000;1;1
8000;3;0
6000;1;0
6500;9;1
20000;10;0
57560,65;7;1
5000;1;0
4500;1;0
10729;1;0
5500;3;1
3000;3;0
7500;4;0
10000;4;0
18000;1;1
3200;3;1
9679,21;0;0
6000;3;1
6193;3;0
6000;1;0
6000;3;1
4500;5;0
5000;2;1
6000;5;0
7500;4;0
58250;4;0
6500;12;1
5695;6;1
4000;5;0
3600;5;0
12000;6;1
4500;2;1
69583,33;0;0
3800;9;0
6000;9;0
4500;4;1
18193;6;0
5000;3;0
4500;5;0
8000;4;0
5500;1;0
4500;1;0
12075;5;1
4500;1;1
5500;3;0
16000;10;1
7500;3;0
4350;2;0
5000;4;1
7000;0;0
8772,86;3;0
5675,85;3;0
3000;3;0
79166,67;4;1
8342,34;2;1
2500;3;0
10500;3;0
72856;4;1
15000;5;1
5000;2;1
9000;3;0
4800;1;0
8000;2;1
8500;3;0
7500;2;1
6000;5;0
7500;4;1
4000;1;0
7500;1;1
10000;3;1
2539,25;2;0
15500;6;1
6000;4;0
12000;4;1
6492,38;9;1
14000;5;1
3000;1;0
12000;4;0
10000;1;0
6700;1;0
40000;3;1
4600;2;0
15997,8;13;1
4600;1;0
12000;6;0
3500;2;0
4000;6;0
13501,05;1;1
8000;2;1
5600;3;0
93546;3;1
4800;5;0
10000;1;1
8000;2;0
8362,48;1;1
7000;2;0
7256,45;11;1
7500;7;1
16008,83;2;0
4000;1;0
3800;1;0
15000;1;0
5000;3;0
12500;2;1
13000;12;1
2520;3;0
3200;1;0
2712,04;4;0
3060;1;0
5000;5;1
8000;1;0
7400;3;1
8000;5;0
4698;5;0
6500;2;1
9000;2;0
27993,33;2;0
6000;2;1
3321,53;4;1
9000;0;1
4800;5;1
3704;3;1
7741;1;0
5659;4;0
84878;4;0
7000;11;0
7000;0;0
11450;5;0
4300;4;1
2422;2;0
2150;2;0
5000;6;1
6000;2;1
18380,83;10;1
6000;2;0
9000;1;0
30647;5;0
3500;1;0
8300;2;1
5000;2;0
21528,66;0;0
5500;0;1
10000;1;1
8000;1;0
7500;7;1
8200;5;1
10000;5;1
2650,32;2;0
220326,72;7;0
5075;1;0
3419,91;4;0
5700;2;0
8000;4;0
6700;3;0
5000;2;0
12000;15;1
20000;3;0
8000;1;0
15000;8;1
4500;10;1
6000;1;0
12000;2;0
7000;2;0
10000;3;0
2473;1;0
35000;15;1
8400;2;1
10000;5;1
6300;2;0
5500;3;1
2786;5;0
10000;3;1
7500;8;0
7000;13;1
6000;1;0
11656,33;2;0
2300;0;0
8100;1;0
6000;2;1
7909,5;2;0
8000;5;0
21900;5;1
1800;1;0
5800;3;1
13500;1;0
4000;2;0
10200;1;1
8500;10;1
7500;3;0
7781,66;1;1
8000;3;1
28000;14;1
10000;3;1
6000;1;1
5200;6;0
7500;6;1
15724;6;0
4940;1;0
18676;14;0
10000;2;0
10500;0;0
6500;3;0
8000;1;0
3500;2;0
7500;3;1
9000;6;1
8379,92;3;0
7000;0;0
6500;5;1
3439;4;0
4700;1;0
7800;3;0
3500;2;0
3850;0;0
6753;7;0
5500;0;0
7100;6;1
14000;14;1
16000;1;1
6000;0;0
9000;10;0
5200;1;0
10000;1;0
3372,67;2;0
12254;1;1
11000;5;1
8000;4;1
5000;2;0
5900;4;0
7500;7;1
8500;2;1
5000;2;0
6500;2;0
20000;5;1
5500;3;1
2496,27;1;0
15000;2;0
6000;4;1
7300;2;1
4100;4;0
12000;4;1
3200;1;0
9300;2;0
3000;0;1
15000;10;0
2600;2;0
5600;2;0
6700;5;1
7000;7;0
3500;2;0
15000;5;0
4726,53;1;0
8000;4;0
5200;4;0
8000;3;1
30000;5;0
12000;4;0
12000;6;0
30000;7;1
6500;2;0
6000;4;0
5000;1;0
15000;2;1
6900;4;0
4500;3;1
12677,2;3;1
7300;2;1
7000;1;0
5182,31;3;0
8000;5;1
5000;1;0
4600;2;0
6000;2;0
2700;1;0
6500;3;1
12000;2;1
6500;2;0
70812,66;4;1
12000;6;0
5500;6;0
7000;6;0
7041,21;2;0
3200;0;0
12236;6;1
40000;0;0
60000;5;0
10000;3;0
5500;13;1
4500;3;0
6500;4;0
6000;16;1
3491,96;2;0
12000;2;0
8000;2;1
10680;2;0
5500;1;1
2250;4;0
12197,73;2;0
8000;1;0
6100;6;1
7000;8;1
13000;2;1
4500;3;0
4800;2;0
8000;3;1
9371,56;3;1
3300;4;0
6350;2;0
3400;1;0
17000;3;1
14989,1;1;1
6000;5;1
3155;6;1
10000;11;1
4800;0;0
10000;5;1
8800;3;0
44771,4;11;1
13970,85;1;0
12000;4;1
5000;3;0
21000;3;0
8000;5;0
14273,29;1;0
8000;4;1
23851,57;3;0
5000;1;0
9000;1;1
15000;3;0
6000;1;0
3200;2;1
6500;0;1
5800;3;1
14071,6;2;0
10000;6;1
8500;3;1
9192,63;3;1
10000;2;1
2576;1;1
7500;3;1
30000;4;0
12000;6;1
3852;1;0
41095;13;1
4000;5;1
3200;4;1
4800;2;1
7000;1;0
5320,19;2;0
79424,4;11;0
3200;1;1
5200;1;0
10000;2;0
67822;3;1
6241,9;8;1
2905,7;3;1
4600;2;0
6000;5;0
7000;1;0
20000;6;1
12968,32;5;0
3200;3;0
11000;2;1
2500;1;0
3300;3;0
7000;4;1
6000;2;0
4500;10;1
19990;0;0
69070,08;4;1
5500;2;0
3400;4;1
7500;3;0
7354,46;4;0
4800;8;0
4500;2;0
4000;3;0
17471,48;1;1
2600;3;0
21976,5;5;1
8000;3;0
3200;2;1
5600;7;1
3200;3;1
3450;2;0
5000;2;0
6000;1;1
5335,28;3;0
4400;6;0
7000;2;0
5500;1;0
11000;6;0
4200;3;0
27368,99;2;0
7000;2;1
2624;0;0
4000;2;0
8000;0;1
52689;2;0
10000;0;0
9000;2;1
3200;3;0
10000;9;1
7200;2;1
9000;2;0
7700;5;0
7594,41;3;0
8000;2;0
2200;1;0
23629,5;3;0
4000;1;0
8400;4;1
7000;3;0
16744,21;3;1
15000;3;0
3900;0;0
68461,56;8;1
2560;0;0
4300;3;0
8553,9;0;0
8000;1;0
7022;4;0
8200;4;0
9000;4;0
3000;2;0
4400;0;0
6133,44;3;0
4500;2;0
4000;0;0
10000;1;0
7630;0;0
13000;5;1
10000;4;0
11000;5;1
6200;2;1
12000;4;1
19000;4;1
10000;2;0
7000;1;0
6000;8;1
2100;2;0
20000;6;1
12200;11;0
5500;4;1
72396,95;8;1
6800;5;0
68461,56;8;1
5600;1;1
5000;3;1
7000;1;0
20000;1;0
12600;6;1
10583;3;0
5840;5;1
7000;2;1
11000;1;0
17709,66;6;0
5000;0;1
104331;1;0
16200;7;1
6700;3;0
5100;3;0
4660;8;0
6500;4;0
5000;5;0
5300;4;1
8000;3;1
12000;5;1
7000;1;1
7000;3;1
7000;2;0
18273,5;1;1
9800;8;0
6665,11;2;0
5500;3;0
6200;1;0
54045,42;2;1
17730,06;0;0
2500;2;0
10590;0;0
9000;1;0
2560;1;0
8000;2;1
14391,7;2;1
4800;1;0
5388;2;1
6564,64;2;0
10000;1;1
8000;3;0
6000;1;0
4371,24;4;0
5800;3;0
4200;5;0
5000;8;1
78980,41;8;1
7000;3;1
14009,81;2;1
10000;4;0
6500;1;0
4650;0;0
3500;4;1
15000;2;0
4068,35;2;0
4000;1;0
4600;8;1
5000;3;0
5000;0;0
7500;3;0
4800;0;0
2682,65;4;0
3500;1;0
4500;0;0
8000;2;0
2600;0;1
7000;2;0
2400;2;0
4500;2;1
8000;2;1
4200;2;1
4500;1;1
4000;1;1
8300;0;0
20000;5;0
5500;3;0
4200;5;1
6200;1;1
20248,9;1;0
41307,73;11;1
6500;4;1
4700;2;0
10000;1;1
4500;0;0
7500;1;1
48458,33;8;0
6000;1;0
5100;3;0
7000;4;0
8780;6;0
3300;1;0
8200;4;1
5200;5;0
5000;4;1
8000;5;0
3000;1;0
11000;4;1
2541,62;0;0
22725,94;4;0
12000;6;1
8500;3;1
5000;1;0
3200;2;0
5000;1;0
2800;3;0
6400;2;0
15000;2;1
5300;2;1
3812,19;7;0
3390;2;0
3600;6;0
7500;2;1
5000;4;1
3500;0;0
5113,73;3;0
4152,92;4;0
4500;4;1
16600;5;0
11000;3;1
4500;4;0
9686;4;0
10000;5;1
10000;2;1
5000;2;0
5000;4;0
6000;3;1
4000;4;0
10000;3;1
7500;3;1
4500;1;0
5970;3;0
15187,67;1;1
10000;0;0
6500;2;0
6000;3;0
49000;1;1
7000;1;0
15124,6;6;1
7000;1;0
8000;2;0
15000;3;0
9058,57;1;0
10000;1;1
2700;2;1
6500;9;1
4500;1;0
3001,69;0;0
6000;3;1
7800;2;0
7000;3;0
10000;4;0
4636,11;2;0
2000;0;0
10000;2;1
5506,7;0;0
9000;3;0
5500;0;0
10000;4;1
3200;3;0
15209,76;9;1
3836,02;2;1
8900;5;1
6000;9;1
18000;3;0
7000;3;0
5000;1;0
9500;2;0
3990,41;4;0
6500;2;0
6800;4;1
5500;7;0
5500;1;0
3800;1;0
25000;5;0
3500;2;1
7200;1;1
12000;2;1
6000;3;1
4000;1;1
7000;7;1
6862,31;5;0
4500;5;1
3000;1;0
5500;6;1
3212;0;0
4000;2;0
3840;2;1
13200;8;1
8000;7;1
2520;3;0
7000;2;1
7000;1;0
8700;6;0
5500;2;0
6252;0;0
4600;2;0
6000;4;1
22268,86;3;0
8000;3;0
5100;2;0
5500;2;1
4500;1;0
8797;2;1
10000;3;1
2175;3;1
3742,68;3;1
6200;14;1
57974,4;4;0
4800;1;1
20000;5;0
4000;2;0
7500;3;0
10500;3;0
4215,97;3;0
9800;3;1
6760;1;0
3107;6;0
10500;3;0
29743,33;5;1
4000;1;0
6331,58;2;1
3500;1;0
8000;2;0
4500;4;0
69478,23;0;1
4000;2;0
8400;5;0
3200;1;0
10059,1;3;0
3300;3;0
4276,14;2;0
7800;2;0
7000;2;0
8200;5;0
6000;2;1
5200;3;0
15000;2;0
7000;4;0
10500;1;0
10000;2;0
8281;7;1
5702;1;0
32200;4;0
5400;5;0
3200;1;0
15000;3;0
3200;1;0
8000;2;1
15000;3;1
10000;4;1
8248;2;0
3800;7;0
8000;1;1
6207,28;1;0
7000;2;1
13000;2;0
8600;1;1
5500;3;0
7500;3;1
6000;6;1
8000;1;0
7800;2;1
8000;2;1
3200;1;0
4800;2;0
31719,44;2;0
176896,16;1;0
10000;4;1
5500;1;1
5500;2;1
7000;2;1
3800;0;0
7000;2;0
5500;2;1
5400;2;0
35000;4;1
8000;3;0
4600;4;0
3270;1;0
4000;1;0
6000;4;0
7500;2;0
15638;3;1
4500;1;1
3000;0;0
10000;1;0
4000;1;0
9800;1;1
7500;2;1
7500;2;1
7000;1;0
6000;8;1
4200;2;0
4800;3;0
9400;4;1
5500;1;1
3000;0;0
18000;3;0
6500;4;0
6500;2;1
6500;1;0
7000;2;0
7000;2;1
4000;1;1
6500;2;0
9000;2;1
4100;3;0
6000;2;0
9100;2;0
8600;1;1
12000;0;0
4500;2;1
8500;2;0
34600;8;0
6000;1;0
7000;2;1
8000;4;1
6000;3;0
6000;6;0
20120;2;0
10000;1;0
6000;2;1
5500;1;1
4200;9;1
4600;2;0
5616;4;0
7600;1;1
9000;3;1
7500;4;0
20000;0;0
6000;4;1
4700;3;1
8200;3;1
5750;1;0
9000;6;0
2700;1;0
2800;9;1
4800;2;0
6965;2;1
15000;1;1
5300;0;0
9000;2;1
8000;3;0
6700;1;1
3000;6;0
15000;7;1
10000;5;0
8613;6;1
10000;4;0
6000;2;0
4000;2;0
5400;2;0
5200;1;1
5000;3;0
9500;2;0
15000;4;0
3000;3;0
6300;6;0
4800;8;0
4822,23;4;0
6000;1;1
8600;3;1
3200;0;0
6500;1;1
4500;4;0
44771,4;11;1
5864,99;1;1
8000;2;0
8000;3;0
7000;0;0
5475;4;1
3000;9;0
18000;6;0
60000;1;0
6000;2;0
3200;3;1
7927,84;6;0
7000;2;0
7000;1;0
7500;1;0
63888,67;7;0
30000;9;1
8000;3;1
7200;2;1
10000;4;1
5500;3;0
6000;3;0
9391,66;1;1
10000;8;1
3840;0;0
8500;5;1
17000;1;1
10800;5;1
3500;1;0
8000;3;1
8200;5;1
6000;4;1
6500;8;1
13000;5;1
8000;7;1
9000;0;0
10200;1;1
68739,94;14;1
8996,55;1;0
7000;11;0
13000;7;0
3000;2;0
7838,48;1;0
9500;1;1
4000;2;1
8500;2;1
10000;8;1
89849,17;5;1
13700;6;0
15162,83;0;0
7800;1;1
7000;4;0
8000;1;0
10000;4;1
11000;2;1
6000;3;0
10000;1;0
5600;4;0
5000;0;0
7000;7;0
3262;3;1
6000;1;0
4100;5;0
6800;1;0
20000;5;0
4300;4;0
4300;1;0
5000;2;0
4741,85;1;0
9000;1;1
5500;2;1
10000;0;1
6000;4;1
10000;6;1
12500;5;1
6000;1;0
3322,45;1;0
6624,18;3;0
5000;1;0
6500;1;0
8000;1;0
13373;3;0
20000;1;0
15000;5;1
5000;3;0
10000;7;1
10000;2;0
9500;3;0
5000;6;0
2900;1;0
9000;16;1
6000;2;0
5000;2;0
13000;4;1
6000;2;1
6000;5;1
10000;1;1
2137,04;0;0
7000;1;0
25500;6;0
13000;7;1
6000;2;1
6500;1;0
3300;2;0
5000;2;0
5500;4;1
6600;2;0
4075;0;0
8000;5;0
15000;1;0
4900;1;1
10000;9;0
7000;2;0
30000;6;1
12600;1;0
4000;3;1
9000;4;0
16000;1;0
5000;2;0
9000;1;1
20166;7;1
8500;0;1
6000;0;1
10000;4;0
9154,46;5;1
4000;0;0
20000;6;0
6500;5;1
6500;5;0
7100;4;0
2918;6;1
15000;1;0
3200;1;0
15000;4;1
8000;3;0
6000;3;0
3600;2;1
3100;3;0
7000;5;1
6500;3;0
6474,57;2;0
4800;2;0
4000;2;0
9000;3;1
4690;3;0
5000;6;1
2700;2;0
7500;7;0
2719,83;2;0
12000;0;0
9800;4;0
7000;4;0
5800;3;1
9537,09;4;0
3500;1;0
12000;6;1
3500;1;1
24748,63;3;1
10000;0;0
11000;1;0
6000;1;1
8212;4;0
3000;1;0
5500;3;0
4500;1;0
2500;5;0
17000;7;0
10000;4;0
10000;0;0
12500;2;0
7500;2;1
10000;6;0
3200;1;1
7000;4;1
6200;2;0
4000;4;0
7000;1;1
9000;2;1
4500;1;0
7700;1;1
5772,78;3;0
7500;2;1
7300;2;1
8000;3;1
19506,65;5;0
9000;5;1
4500;1;0
3000;3;0
4500;2;1
9500;1;0
8000;1;0
4500;0;0
10000;6;1
8500;1;0
4700;1;1
4500;2;0
7000;1;1
6586,03;5;0
5000;2;0
7000;1;0
7000;1;1
5000;1;0
6570,2;2;0
3200;4;0
124636,74;2;0
4400;4;0
3900;3;1
4700;2;1
8000;3;1
3500;0;0
5500;4;0
12796;5;1
5000;1;0
2500;1;0
12000;1;0
4200;1;1
8200;4;1
13000;5;1
4033;4;0
7371,08;2;0
15000;3;1
9000;0;0
13000;2;0
4500;10;0
5000;3;1
12000;8;1
16673,72;5;0
3500;1;0
7000;1;0
5500;3;1
8000;2;1
6000;6;1
6000;0;0
15000;3;1
7895;4;0
30000;7;1
3000;4;0
19343,63;3;0
5000;2;1
5200;2;0
7000;3;1
2570,07;4;0
5000;8;1
7000;4;1
5500;3;0
15000;3;0
6800;1;1
3550;3;0
4150;3;1
10000;2;1
6000;1;0
5200;2;1
2737,85;1;0
8000;0;0
10000;4;1
6500;5;1
3900;4;0
5500;2;0
5000;3;1
8000;0;1
7100;0;0
5000;4;1
3037;1;0
4000;1;0
12000;1;1
8000;3;1
18000;4;0
5200;1;0
8000;1;1
5500;2;1
4200;2;1
7200;3;1
4500;3;1
5000;1;0
9370;1;0
8000;1;1
4600;1;0
33486;3;1
20000;8;0
18000;2;1
3200;3;1
8000;2;1
8000;6;1
5000;3;0
9000;6;1
5700;1;1
4285,34;4;0
7000;1;0
25284,38;5;1
3200;2;0
5100;2;0
10000;2;1
14691,85;0;0
9300;1;0
8000;4;1
6000;1;0
3700;3;0
8000;1;1
9000;0;0
5200;5;1
6000;1;0
6272,88;3;0
5000;1;1
4156,67;3;1
20521,11;1;0
15000;6;0
5800;2;1
8500;2;1
6000;1;1
25000;3;0
8000;2;1
3617,19;2;0
12000;6;1
8900;5;1
3849,2;0;0
8500;4;1
8000;2;0
4740;0;0
7500;9;1
5500;4;0
2200;5;0
8000;2;0
10000;2;0
5742,42;3;0
15000;2;0
4200;0;1
14000;10;1
4000;2;0
12000;1;0
8000;2;0
10000;4;1
2100;2;0
10000;6;0
5500;3;1
3180;2;0
29785;1;1
11500;5;1
4300;8;0
5000;1;0
6700;6;1
5000;3;1
8500;4;1
8000;1;0
11000;5;0
4474,81;1;0
4500;1;0
12000;1;0
12000;2;0
7000;3;1
6000;1;1
3500;4;0
5800;2;0
12000;2;0
8800;7;0
4500;2;0
10000;2;0
5000;2;0
2884,99;3;0
3931,95;4;1
30000;8;1
6800;1;0
10116,64;5;1
4000;2;0
3800;2;0
4600;1;0
7000;2;0
7000;1;1
7500;2;0
20000;10;1
8500;2;1
3200;4;1
6800;2;1
8000;3;1
5352,94;3;1
8500;5;1
9800;2;1
6000;1;0
3578;5;0
7000;4;0
5500;7;0
10000;4;0
7000;7;1
8000;4;0
2945;5;0
5000;2;1
3178,86;6;1
4650;3;0
7000;1;1
9850;0;0
3500;3;1
12000;2;0
4000;3;1
5000;5;0
15000;2;0
7300;3;0
10000;3;1
9000;3;1
9300;1;0
8000;0;1
8000;1;1
7800;1;0
63888,67;7;0
20139;4;0
3601,96;5;0
10000;1;0
7000;3;0
7157,1;1;0
8600;6;0
4700;2;0
7000;2;1
8000;1;1
2615,46;1;0
2132,13;0;0
4800;8;0
2200;0;0
5001,32;4;0
7000;2;0
9399;4;1
4286,41;1;0
7500;1;1
8000;1;0
10000;2;1
12000;8;1
3000;0;0
7500;10;1
4000;2;0
5500;4;0
8432,01;3;0
15207,94;1;1
5000;5;0
6717;3;1
7000;8;1
6000;4;1
8000;3;1
5000;1;0
7000;0;0
7000;1;1
8600;2;1
5500;4;1
6000;0;0
5500;2;0
4000;2;0
7000;5;0
10484,23;1;0
4500;5;1
6568,8;2;0
6800;3;0
5200;3;1
16000;8;1
7500;4;0
15000;1;1
4500;4;1
8500;3;0
3859,67;4;0
7000;0;1
6500;3;0
9000;3;1
13000;3;0
8500;2;1
9200;1;1
8600;2;1
7736;6;0
6951,46;1;0
7000;2;1
9000;1;1
7000;3;1
10000;2;0
2500;2;0
8000;5;0
12000;6;1
7000;3;0
10000;4;1
17000;11;1
15000;4;0
6000;3;0
17000;10;1
8000;3;1
10000;1;1
12000;5;0
7000;1;0
3200;0;0
6500;1;0
25000;2;0
15000;1;1
4245,01;1;0
15000;6;1
5000;4;0
6500;9;0
10000;5;1
2484;4;0
7500;2;0
4500;3;1
3800;2;1
8500;2;1
8000;3;0
7500;2;1
7000;6;1
14000;3;1
6500;2;1
8000;0;0
8500;4;1
10000;4;1
12000;2;1
10000;3;1
7000;1;1
5003,71;2;0
5655;2;1
5000;2;1
3200;1;0
4500;2;1
8500;1;1
7000;2;1
7000;2;0
6000;2;0
12000;6;1
5609,08;2;0
6200;6;0
19036,91;3;1
9000;4;1
6800;1;1
7500;1;1
7053,05;2;0
7500;1;1
4960;2;0
4500;2;0
10000;1;0
5000;4;1
5500;2;1
8000;3;1
4488,7;3;0
7300;2;0
3100;1;0
10000;2;1
8000;2;0
3179,05;3;0
7000;2;0
3172;2;0
14000;4;0
5000;1;1
12500;3;0
19800;4;1
15000;4;1
7000;1;0
8500;5;0
6000;2;1
7500;2;0
5550;1;0
5000;2;0
5700;2;1
17000;7;0
10700;5;0
7500;1;0
6400;0;0
9000;1;0
8000;3;1
7727,93;3;0
10194,5;3;0
15000;1;1
5000;2;0
4205,21;2;0
5537;3;0
6500;2;1
2575;5;0
6000;1;1
4000;0;0
11000;3;1
2881,14;0;0
7000;2;1
68461,56;8;1
6224;2;0
12476,33;1;1
2507;2;0
8000;4;1
6000;3;1
5500;2;1
9000;6;1
6500;2;1
9000;3;1
7500;2;0
15000;3;1
12000;2;1
5678,19;1;0
3010,25;2;0
6200;2;1
10903,12;4;1
7800;3;1
12000;3;1
10000;3;1
6322;2;0
10000;2;0
7000;3;1
5000;1;1
3900;3;1
13000;2;1
11000;4;0
4000;0;0
6500;0;1
4800;1;0
6500;6;1
8000;1;1
8000;1;1
5000;1;0
25000;2;0
6000;3;0
2749,67;2;0
7000;3;1
7000;4;1
12000;3;1
6000;11;1
7500;5;1
10223;1;0
8200;2;0
7602,06;7;0
5500;2;0
5000;1;0
20000;5;0
20000;4;1
28891,06;5;0
6400;4;0
57601;5;0
2600;4;0
6950;5;0
9000;6;0
6000;4;1
5000;1;1
9646;1;0
4500;3;0
2670;1;0
7000;1;1
8500;2;1
12000;2;1
6000;2;0
20125;3;1
7500;5;1
3200;3;0
6000;6;0
4300;3;1
3500;4;1
4382,47;1;0
99778,56;1;0
11269,72;1;0
4500;3;0
5000;2;0
5000;3;0
5200;5;1
17230;0;1
8500;1;1
12000;2;1
164704,44;3;1
4840,29;2;0
5000;2;0
9000;1;1
15000;4;0
10653,04;1;1
4500;5;1
30000;21;1
12000;4;1
6500;2;1
7000;3;0
20000;1;1
7000;3;0
5047,92;0;0
3500;2;0
123154,65;2;0
4393,58;4;0
8000;2;1
10000;3;1
7500;2;1
5500;2;1
8000;3;0
16000;6;1
3200;1;0
3200;1;0
4925,33;4;0
16061,46;5;0
2500;1;0
3604,16;6;1
20000;4;0
6500;7;1
6000;0;0
9991,64;2;0
10000;5;1
5300;5;1
7500;1;1
9500;2;1
10000;5;1
5000;0;1
5200;6;0
15000;2;1
12000;5;1
4682,88;5;0
3200;2;1
4800;4;1
5781,45;1;0
8000;5;1
10000;9;1
7000;1;0
6500;5;0
2500;2;1
80000;1;1
11000;3;1
6600;2;1
2038;0;0
5000;1;1
12000;4;1
7500;4;1
7000;2;0
12000;1;0
9660;4;1
3800;3;1
5500;1;1
3116,17;1;0
15000;3;1
4093,83;1;0
6000;1;1
4156,64;4;0
7000;5;0
2544;2;0
4500;5;1
5500;1;0
4200;1;1
17000;3;0
6000;4;0
7000;1;1
7500;0;1
8000;7;0
2500;3;0
10000;2;1
3000;3;0
4200;2;0
6458,74;0;0
7000;3;1
8000;2;0
2461,95;5;0
8500;6;1
8500;1;1
3500;1;0
6000;6;1
10000;1;1
4600;4;0
2100;0;0
6000;2;0
30000;1;0
5000;3;0
2967,08;3;0
6500;5;0
13000;3;1
15000;5;1
9000;4;1
10000;6;1
9660;1;0
5000;2;1
6500;3;0
7293;1;1
19000;2;1
14500;2;0
20000;8;1
3115,91;3;0
6000;8;1
9000;1;0
8000;8;1
4500;1;0
12000;7;1
12000;0;0
11455,15;6;0
71000;4;0
175000;12;1
7108,33;2;1
9000;1;0
3700;4;0
13000;6;1
2370;1;1
2784,63;2;0
8000;1;0
9129,52;7;0
3200;0;0
5000;8;1
2300;2;0
7000;4;1
14000;2;1
8500;3;1
15000;4;0
9200;4;1
10000;2;1
11200;5;0
6500;2;0
32585;8;0
10000;1;1
6202,71;3;0
4200;1;1
4590,3;3;0
15000;3;0
4500;5;1
3413;2;0
10200;4;0
7000;2;1
7000;1;0
3200;1;1
5934,71;4;0
7500;2;1
55000;6;1
7000;3;1
12000;7;1
5500;3;0
10896,21;4;0
9779,52;3;1
3500;4;1
6000;2;1
5009,86;2;0
15566;7;1
6500;1;1
3600;3;1
3200;1;0
12149,63;2;0
10000;1;1
8500;1;1
72884,83;2;0
13000;6;1
3072,2;2;0
4974,35;4;0
5238,67;0;0
3500;2;0
10000;7;1
8000;2;1
9000;3;1
10000;4;1
11892,67;4;0
17000;2;1
8000;3;1
8000;2;1
6500;1;0
12500;3;1
3400;3;0
5700;1;1
6000;2;1
9000;6;1
7000;2;1
7000;3;0
9000;3;1
4493,84;2;0
4921,42;3;0
9000;1;0
7000;2;1
10000;0;0
10000;1;0
6960;5;0
4612,69;2;0
8000;5;1
10000;5;0
10000;1;1
6000;2;0
10000;1;0
2754,07;2;1
10000;8;1
12528,33;4;0
120433,21;6;0
8000;3;1
16000;7;1
8000;1;1
10000;7;1
7000;5;0
10500;2;1
8500;1;1
60000;7;1
64724,4;6;0
5700;1;0
4000;1;0
5300;3;0
8500;4;0
10000;3;1
6000;7;1
16000;5;1
3816,22;3;0
9000;6;0
4000;5;0
7000;1;0
7000;3;1
9500;4;1
5200;3;1
8000;6;1
12428,14;0;0
4000;1;0
7000;5;0
8500;1;1
7000;8;1
7000;2;0
8500;3;0
4750;5;0
6869,23;2;0
5500;2;0
8500;2;1
9200;2;0
6500;3;0
65597,65;6;0
40000;9;1
7100;5;0
2500;3;0
8600;1;1
4436,41;2;0
3800;1;0
5000;3;0
4000;1;0
10000;1;1
6800;0;0
12352,1;3;0
4800;1;0
7800;2;1
8500;1;1
7000;1;0
12000;1;1
8000;2;1
6800;3;0
5700;2;1
15000;3;0
10000;2;1
6085,41;2;0
6687;4;0
5000;1;0
7000;0;0
10000;1;1
6000;2;0
4000;2;1
17000;1;0
6000;2;1
26015,1;4;1
8000;4;1
6000;2;0
6000;2;1
3000;1;0
4500;2;1
2800;0;0
9600;6;1
8629,36;2;0
8000;2;1
10000;3;0
7000;2;0
4991,03;5;0
7100;6;1
7500;1;1
9000;1;1
9000;3;1
6500;3;0
22325;5;0
8500;1;0
8500;1;0
2161,24;0;0
6000;1;0
4500;5;0
16811,67;4;0
6000;3;0
7000;4;1
7800;3;1
8500;7;0
40414,01;9;0
7000;4;0
10000;1;1
28200;2;1
9525,47;2;0
10000;2;0
6000;6;1
15000;1;0
10000;2;0
5200;5;0
17500;5;1
6000;2;1
14000;6;1
8000;1;1
8000;1;1
6180;2;1
6529,99;0;0
7000;1;1
5500;4;1
2600;2;1
79298,61;5;1
5650,15;5;0
5500;3;1
7000;0;1
10000;2;0
4520,78;3;0
8500;2;1
35650;3;1
9000;1;1
8000;1;1
4448,86;2;0
8000;1;1
3800;9;0
15000;5;1
5574,37;1;0
8000;3;1
9000;3;1
7000;11;0
5000;3;0
22719,58;6;0
4500;1;0
7800;2;1
54072;9;0
20809;2;1
2382;1;0
7000;2;0
4746,23;6;0
17414;3;0
7500;1;0
5000;4;1
8000;5;1
4000;2;1
20000;0;1
7000;1;1
12000;5;1
19773,63;2;0
11000;5;1
8000;3;1
10600;1;0
11500;17;1
27200;4;0
4877;2;0
2544;2;0
11000;4;0
3686,25;4;0
7000;5;0
7000;6;0
5000;3;1
3280;1;0
5000;11;1
2724,05;3;0
4082,07;2;0
8500;6;0
12000;3;1
14087,5;3;1
4471,89;2;0
9000;5;0
5500;1;1
7200;9;0
9000;7;0
4000;0;0
4500;6;0
13000;5;1
5781,99;4;0
4500;1;0
8000;1;1
7200;5;1
1909,35;2;0
3746,31;2;0
8000;1;1
220326,72;7;0
4600;6;0
10000;2;1
4500;1;0
4000;1;1
5500;4;1
6000;4;0
10000;3;1
5781,05;3;0
11000;4;1
7200;4;0
10700;3;1
6000;0;1
9000;3;1
26770;2;1
8000;1;0
10000;2;0
5000;1;1
5500;2;0
8500;1;1
4000;0;1
3579,05;2;0
10000;4;0
33224,4;7;0
10000;2;1
3500;2;1
4500;4;1
4500;4;1
6919,62;1;0
5500;5;1
7500;4;1
9000;3;0
10000;1;1
7200;3;0
9000;2;0
5500;1;0
7000;3;1
3200;0;0
3200;1;0
8000;3;1
2531,6;4;0
11400;2;0
10000;4;1
6000;3;0
7500;3;0
10200;2;0
5000;6;0
10000;3;1
4500;9;1
4367,17;3;0
1900;1;1
6000;2;0
10000;4;0
5600;7;1
2247,44;1;0
6500;2;0
6000;1;0
6000;2;0
3500;3;1
6500;4;0
7000;3;0
10500;4;1
6600;1;1
7000;2;0
11000;1;1
3722,45;2;0
18000;1;0
18223,87;3;1
11000;5;1
12000;4;1
8000;1;1
5800;3;0
7500;1;0
13200;5;1
9342,67;1;0
10000;2;1
9000;0;0
7000;5;1
6200;2;0
13000;7;0
8200;4;0
66660;3;0
13500;8;1
7000;4;0
9500;3;0
10000;4;0
3000;4;0
8800;3;0
8000;2;1
3500;3;0
8000;0;0
7496;4;1
6000;2;1
28000;7;1
6055,67;4;0
2444,95;3;0
14000;4;1
20868,01;6;0
6000;3;0
8000;2;1
4200;2;0
30292,22;1;1
9000;2;1
7500;5;0
6000;3;0
37071,9;1;1
5000;1;0
6500;4;1
7000;7;1
6317,81;1;0
7500;2;1
5800;4;0
15000;3;1
9000;0;1
12500;4;0
30000;4;1
5500;5;1
10000;0;0
83333;2;0
5500;1;1
7800;3;1
11000;4;1
7000;0;0
9000;2;1
8000;3;0
10000;2;0
8000;10;1
32744;3;0
5500;5;1
6858,39;1;0
7399,2;2;0
6500;5;0
12000;1;1
7650;7;0
13000;4;1
10000;6;0
8000;2;0
8000;3;1
7000;4;1
5500;1;1
12000;5;0
15700;0;0
121000;2;0
9000;2;1
6274,81;3;0
6000;7;0
5500;3;1
2651,8;2;0
12000;5;1
12000;1;1
10000;2;1
4800;2;0
12000;2;0
8000;2;1
7000;3;1
10000;4;0
8000;6;0
7000;4;1
12500;2;1
54942,8;4;0
7000;3;0
25000;0;1
10000;3;1
50538,66;7;1
17518,48;1;0
4500;0;0
10000;2;1
15000;3;0
6750;3;0
8000;4;1
7000;1;1
8000;0;1
10000;6;1
7000;3;1
10500;3;0
11500;2;1
6000;4;1
44414,88;6;0
4000;0;0
5500;1;0
7000;7;0
4000;2;1
4500;5;1
2152;1;0
4792,5;3;0
6200;0;0
5000;1;0
10000;7;1
7300;1;0
26388,89;0;0
6803;6;0
12000;0;0
4175,41;10;0
2894,26;1;1
7500;2;0
10000;1;0
7000;3;1
8000;2;1
18000;5;1
6000;3;1
15000;6;0
10014,43;2;0
4586,96;1;0
15000;1;1
8000;5;0
5400;4;0
11000;2;1
6000;0;1
7500;2;1
11000;5;1
7000;2;1
11000;0;0
8623;4;1
6960;5;0
10000;3;1
5000;1;1
7000;2;0
7000;2;1
4000;6;0
4301,26;3;0
8500;1;1
9257,5;4;0
15000;3;1
7500;2;0
3678,49;3;0
5000;5;1
5500;4;0
3941;2;0
7000;5;0
6500;4;0
2576;2;0
9500;2;1
8500;1;0
10000;2;1
6000;1;0
5789,29;1;0
8000;4;0
4800;1;0
9000;6;1
8216,38;4;1
4568,42;2;0
7000;2;1
13942,63;1;0
4800;1;1
4800;2;1
5983,34;1;1
2972;4;0
8000;5;1
5044,46;4;0
7000;1;0
6700;6;1
4573;2;0
3300;1;0
4000;2;0
5230;1;0
11000;4;1
10600;3;1
5836;7;0
3200;4;1
5000;3;1
6000;4;1
19000;6;1
8500;3;1
6862,54;2;0
9000;6;1
6800;3;0
6000;2;0
4600;2;1
10372,33;2;0
6000;6;0
7000;1;0
3181,77;2;0
6000;6;1
2918,32;2;0
5000;1;1
7700;2;0
9000;1;1
12500;3;0
12000;2;1
6520,5;2;1
5000;2;0
4900;6;0
3700;3;0
9000;4;0
7100;2;1
8000;2;0
10000;2;0
5000;2;0
10045,37;5;0
4000;4;1
7989,86;3;0
7000;7;1
3825;0;0
8000;5;1
20000;5;1
8000;2;1
10000;2;1
9300;4;0
9000;2;0
9000;2;1
6500;2;1
8500;2;1
5000;1;1
10000;1;1
4700;2;0
6000;4;0
4700;2;0
5000;1;1
8000;1;1
4000;2;1
5000;2;0
3000;2;1
5000;1;0
47900;5;1
8500;1;1
6000;6;1
8500;2;0
15000;3;0
13500;3;0
20000;1;0
4000;1;1
10000;3;1
6000;2;1
7500;2;0
5000;1;0
4500;3;1
9400;3;1
8000;2;0
6748,81;1;1
14331,4;1;0
7000;2;1
3200;3;0
7000;2;1
66314,08;8;0
10000;2;1
7800;2;1
10000;1;0
6500;4;1
58750,58;5;0
10166,46;0;0
13479,38;6;1
4000;2;1
8500;3;1
25345;8;1
6293,3;2;0
8000;4;1
6133;0;0
9000;2;1
4000;1;0
12000;3;1
10000;5;1
15000;2;1
12081,69;2;1
4500;0;0
7200;1;1
249464,46;8;0
5700;1;0
6000;1;0
9000;3;0
3267;1;0
3600;3;0
4428,4;4;0
8000;4;0
7000;2;1
5000;1;1
7728;4;1
7000;7;1
12000;2;1
26421;6;1
10000;2;1
9000;1;1
10000;3;1
10000;3;1
10000;2;0
7000;4;1
70200;5;1
8000;5;1
7500;3;0
20000;3;1
7000;1;0
8000;5;1
2713,74;1;0
6000;3;0
7684,03;3;0
2800,92;1;0
10000;1;1
8500;6;1
6000;2;1
7000;5;1
9000;1;1
6100;1;1
7500;5;1
2900;2;1
26618,67;5;1
10042,22;1;0
25188,22;6;0
10000;6;1
6144,45;1;0
6000;5;0
6000;0;0
8000;3;0
3130;3;1
4000;8;0
2732;0;0
7000;3;0
6000;4;1
6500;3;0
92889,32;5;0
8500;2;1
6000;3;1
9000;2;1
8200;2;1
6200;2;0
4300;1;0
10000;1;1
15000;2;1
4500;0;0
6000;6;1
7000;2;1
8500;1;1
8272,43;1;0
5000;1;0
10100;4;1
7400;9;1
6000;1;1
10000;3;1
7500;3;1
6000;0;0
6800;1;1
65025,83;3;0
11000;3;1
10000;3;1
4000;1;0
3500;2;1
8000;4;1
10000;4;1
9000;4;1
79166,66;7;0
69943,33;8;0
15000;5;1
7500;3;1
5400;0;0
6000;1;1
2500;3;0
30791,15;1;0
11267,54;4;0
10500;9;1
10000;1;1
12000;5;0
7500;4;1
5000;5;1
7500;2;1
4500;2;1
8000;1;1
2200;4;1
4241,24;2;0
5000;4;0
16415;3;1
4241,24;2;0
5452;5;0
7500;2;1
7000;2;1
7800;1;1
12000;1;0
42000;8;1
3360,11;2;0
8500;1;1
12500;1;0
18000;5;0
4000;1;0
79472,13;7;0
6510,17;2;1
18880,03;8;0
9337,94;6;0
4000;2;0
7000;3;1
20000;4;1
4734,66;5;0
7000;1;0
7500;5;0
6500;2;1
7500;1;0
8000;8;1
15000;1;1
4000;2;0
12000;3;0
15000;0;1
5000;1;0
3500;1;0
6000;1;0
4100;1;1
35935,67;8;0
11963;2;0
7200;1;0
6500;2;1
7500;2;0
6500;4;1
6299,17;0;0
10000;5;0
16000;1;0
7000;0;0
4100;2;0
12675;3;0
7000;2;1
5500;4;0
9000;1;1
6900;2;0
9597,49;2;0
4700;1;0
6500;2;0
5600;2;0
10000;3;0
5000;2;0
2723,54;4;0
6000;1;1
5000;4;0
5500;1;0
8500;2;0
7000;2;1
8239,57;3;0
10000;1;1
5500;5;1
7911,03;1;0
6000;0;0
6500;3;0
5534,29;0;0
36225;2;1
10000;4;1
7000;0;0
6406,87;4;0
2000;0;0
3000;3;0
8000;1;0
8000;1;0
7509,81;2;0
7509,81;2;0
5500;4;0
3106,65;2;0
15000;2;1
6000;1;0
3106,65;2;0
7000;2;1
29062,75;2;0
10000;2;1
10000;5;1
8000;3;0
41076;10;1
10000;1;0
10000;0;0
4500;5;0
124950,62;6;1
2562;4;0
10000;6;1
7500;1;0
6500;6;0
12153,3;3;0
7000;3;1
12861;6;0
52217,63;3;1
7000;4;0
5235,33;5;0
14158;2;1
12500;6;1
3700;2;1
7000;4;0
4578;3;0
6000;1;0
20836,76;5;1
2800;2;1
26833,33;4;1
73486,42;4;0
3500;5;0
2250;1;0
6964;5;0
6500;1;1
89272;6;0
7000;4;1
6000;4;1
3500;0;0
26580,61;8;1
9000;2;1
6355;1;0
5527;4;1
7500;2;0
10000;2;0
4000;3;0
4023,52;4;1
12000;4;0
17000;2;1
3000;1;0
10000;2;1
6500;1;0
6000;0;0
4980,66;2;0
9000;2;0
7000;2;0
7466,59;2;0
9000;2;1
8500;4;1
6500;3;0
4500;2;0
59553,01;2;1
12000;0;0
3714,1;3;0
33173,33;4;0
8000;1;0
10000;1;0
6000;1;0
10000;1;0
4900;2;0
7958,16;5;0
5000;2;0
31785,01;9;1
58000;4;0
6000;2;0
7000;2;1
8694,52;4;0
6200;1;0
7000;3;0
8000;2;1
6000;3;1
5500;5;1
105089;7;1
9500;1;1
8500;1;1
15000;3;1
14500;7;1
15319,33;4;0
10000;1;1
11000;9;0
2000;4;0
10000;2;1
10000;2;1
3600;9;0
5300;2;0
10000;3;0
8000;2;1
7000;7;1
3200;1;1
4500;2;0
10000;3;1
7500;1;1
8000;3;1
9000;1;1
11000;3;1
15000;5;1
5500;1;0
12500;3;0
65354,16;5;1
6000;2;1
5000;5;1
4000;4;0
8000;2;0
8500;2;1
10000;3;1
15000;2;0
9000;5;0
20000;3;0
5500;3;0
65875,83;10;1
4500;3;0
39392,06;1;1
6500;2;1
6454,09;3;0
7500;4;0
7650;7;0
7500;4;1
8000;0;1
10000;1;0
8300;5;1
6000;2;1
7500;2;0
8000;2;1
10000;3;0
7300;2;1
5000;7;0
8600;1;1
8400;3;1
17259,87;3;0
7275,36;3;0
3750;1;0
3600;0;0
13801,18;5;0
2873,45;5;0
6500;3;1
12500;10;1
10000;6;1
12000;4;0
8500;5;1
8000;1;0
10000;5;0
9000;7;0
4000;3;1
4000;0;0
5000;2;0
6000;2;0
6200;7;1
12000;1;1
9975;1;1
17000;4;0
37430,43;1;0
8000;4;1
6200;0;0
4384,01;1;0
10000;3;1
7000;1;0
23735,83;5;0
5500;1;0
12000;6;1
12444,22;3;1
7384,58;1;0
5500;2;0
6687,42;2;0
7000;3;0
4200;0;0
12780;1;0
25000;2;0
7334,8;2;0
6848;4;0
12000;6;0
9000;1;0
15000;1;0
8500;4;1
9800;1;1
6000;1;1
14000;4;1
8000;4;1
11000;1;0
15000;4;1
4000;0;0
7995;1;1
9000;0;0
5100;4;1
3200;1;0
15065,72;4;0
10000;8;1
8500;1;1
6800;5;0
8000;2;1
10500;4;1
7000;2;1
2176,79;3;0
7000;3;1
6500;1;0
4000;1;1
4400;3;0
12760;1;0
7000;3;0
7000;2;1
10000;2;1
5000;2;1
8500;2;0
5000;2;0
7050;4;1
8000;1;0
34676,67;6;0
4600;2;1
6500;6;0
5000;2;1
4800;2;0
7000;1;1
6370;3;0
2500;3;1
5700;3;0
5066,83;2;0
3101,53;1;0
7500;4;1
20742,7;3;0
19618,33;3;0
8000;2;1
2713,14;2;1
4000;0;0
8500;2;1
12000;2;0
9812,83;3;0
10000;7;0
8200;2;1
3723;3;0
10000;2;1
50000;2;1
9063;2;0
8000;2;1
3200;2;0
3200;1;0
10000;0;0
12000;3;0
8000;3;1
3150;2;1
14600,61;1;1
6000;4;0
12000;1;0
6000;2;0
10000;6;0
4200;4;1
5500;3;0
7100;1;0
14000;2;0
5000;3;0
7000;3;1
5200;8;1
4098,63;6;0
10000;2;1
4460,43;0;0
9000;2;1
15000;4;1
4138,33;0;0
8000;2;1
8500;7;0
7000;1;1
8000;1;0
7500;2;1
7500;2;0
7000;1;0
5500;1;0
7000;7;1
8100;1;1
7000;3;0
9500;4;0
8000;4;1
18000;0;1
5600;4;0
3500;2;1
7000;3;0
6000;1;1
8000;3;1
15000;3;0
49530,78;8;0
8000;2;1
6708,33;5;1
5000;4;0
9016,67;3;0
10000;3;0
6000;5;0
19524,16;3;0
5000;2;1
5500;3;1
14900;3;0
12000;3;1
5000;4;1
11206;3;1
15000;2;1
6830,63;5;0
8000;1;0
3700;0;0
12000;3;0
8500;2;1
2852,86;1;0
6700;5;1
8596;1;0
7826,17;0;0
8000;4;0
50000;2;1
18840,47;5;1
6500;2;1
5400;4;0
8500;5;1
82046,53;1;1
5200;4;0
5500;4;1
3700;2;0
5000;5;0
5900,87;2;0
12000;7;1
4100;2;0
7500;4;0
10000;5;1
2746,96;3;0
8000;1;1
10000;1;1
8000;2;1
10000;1;1
2424,83;0;0
10000;1;1
10000;0;0
7500;4;0
5500;2;0
6000;2;0
5000;3;0
121299;4;1
4434,18;1;0
3700;1;1
19137,67;2;1
3106,59;2;1
15060,62;2;0
83134,59;9;0
7000;2;0
6000;1;1
4000;5;0
9000;3;1
8000;0;0
10301,67;2;0
5562;4;0
9000;3;0
15849,71;2;1
19000;3;1
12119,46;1;0
4500;2;0
9000;1;0
11066,67;1;0
4100;1;0
22700;3;0
8000;5;1
30000;1;0
5000;1;1
15000;7;1
3526,99;2;0
74988,33;8;0
9300;9;1
9000;1;1
4000;4;1
23000;5;1
6200;5;0
9233,41;2;0
3201,16;1;1
7000;3;0
11500;2;0
5200;3;0
4348,01;2;0
38708;1;1
9500;9;1
3028,95;4;0
6000;3;1
8000;1;1
76059,29;7;0
4720,76;1;0
7000;2;1
8000;1;0
7700;3;1
9000;4;1
7000;3;0
2967,47;3;0
10000;2;1
6000;1;0
7500;4;1
6080,83;3;0
8000;2;1
11000;8;0
7000;5;0
5500;1;1
8000;3;0
31785,83;9;1
4700;0;0
82595;5;1
6500;1;0
9500;0;0
20000;5;1
8000;1;0
6000;4;1
10000;2;0
11000;7;1
7200;3;0
2692,23;1;0
3900;8;0
3750;3;0
75670,69;5;0
7500;3;0
42748,1;3;0
5200;4;1
8010,49;3;0
3950;1;0
4000;1;0
12000;2;1
4500;4;1
4455,18;5;0
4300;1;1
6400;6;1
62205,83;2;0
15000;4;1
7500;3;1
3500;2;0
8300;1;1
10000;0;0
10000;2;1
7000;3;0
16000;5;1
4000;5;0
9000;4;0
5500;1;0
5538,95;1;0
4900;3;1
18000;4;0
8000;1;0
11000;1;0
33193,33;3;0
5800;3;1
4500;2;1
2500;5;0
8000;6;1
4800;1;0
8000;2;0
5500;3;0
12602,6;7;1
6000;3;1
3961,75;3;0
8000;3;1
3700;1;1
6000;4;1
8500;5;1
80800,68;6;0
9000;2;0
4300;2;0
8500;3;0
5500;1;1
5179,21;3;0
3253,78;1;0
10000;5;1
3750;5;1
10000;1;0
12000;3;1
74711,75;1;0
9000;0;0
58452,08;7;0
6000;4;0
10000;1;0
6000;1;0
10000;4;1
3200;0;0
24219,83;11;1
7100;3;1
12000;2;0
11000;3;1
9750;1;1
4750;6;0
4000;1;0
10000;2;0
5912;2;0
10000;2;1
31375;2;1
8647,18;4;1
7000;2;0
7000;4;1
5073,75;1;0
7000;4;1
4838,15;2;0
3500;1;0
6500;4;0
7500;1;0
12500;1;1
2000;1;0
6000;1;0
5061;2;0
10000;2;0
8000;2;0
10000;1;0
4500;2;0
11000;2;1
6400;2;0
2884,17;1;0
8000;3;0
12000;4;1
9000;8;1
5000;2;1
15000;3;1
4300;3;0
2719,76;5;0
3000;5;0
6200;4;1
7000;5;1
4200;1;0
6000;3;0
5000;3;0
3500;3;1
5000;3;1
6000;2;0
81176,67;3;0
7000;3;1
6074,8;3;0
9000;5;1
6500;0;0
9271;1;1
8000;5;1
10000;2;1
73888,37;3;0
45273,2;3;0
8000;3;1
15508,6;4;1
50000;6;0
10000;0;1
10000;2;1
7000;2;0
11000;2;0
108521,83;7;0
7200;5;0
10000;1;0
4750;4;0
10000;0;0
5000;2;1
6200;3;0
7000;3;1
11359,1;1;0
6125;2;1
8000;3;0
4400;3;0
5770,99;1;0
5000;1;1
4000;1;0
11000;1;1
13000;5;1
11000;1;1
5000;3;0
8800;3;1
32906,67;3;1
6500;4;0
9000;4;1
3700;3;0
6500;1;0
15000;5;1
4500;4;0
10000;3;1
3000;2;0
25537,74;2;1
7495,69;4;0
3804,25;4;0
3630;3;0
7000;0;0
8000;4;1
6800;1;0
15027;4;0
14000;2;0
88270;1;0
8000;2;1
4000;0;1
9800;7;1
6500;2;1
12000;4;1
5500;6;1
7000;4;0
4000;1;0
10000;1;0
8000;1;0
10000;2;0
12383,33;2;0
8000;2;0
12383,33;2;0
6000;2;0
4000;1;0
15990;2;1
3200;2;0
8000;1;0
8000;1;1
9750;8;0
6000;1;1
4909,39;0;0
10723,18;1;1
4600;4;0
12000;1;0
10500;3;1
5800;2;0
8000;1;0
20192;1;1
30000;0;0
7500;2;0
5500;4;0
15000;0;0
7500;0;0
12000;1;0
9000;1;1
7000;1;1
4639,81;4;0
3007;2;0
7300;1;0
4739,71;2;0
7672,61;2;0
7264,79;0;0
8000;1;0
9000;1;0
51255;1;0
8000;1;1
21000;2;0
8000;1;1
57030,88;0;0
20125;0;1
7000;1;1
9000;2;0
15000;0;0
7000;1;1
21593,7;1;1
8000;1;1
7100;3;0
19000;1;1
6480;0;0
9000;1;1
20125;0;0
8000;1;1
8500;0;1
12000;0;0
4229;0;0
8000;1;1
7000;0;0
4884,04;2;0
4322;0;0
3200;1;0
8000;1;1
6750;1;1
6500;1;0
5200;0;1
9500;1;0
120000;4;0
6800;0;1
10000;0;0
45000;1;0
15880;0;0
6000;0;0
8000;1;0
13000;0;0
13500;0;0
7879,24;2;1
8100;0;0
5000;1;0
8000;1;0
5500;1;0
8500;0;1
9000;0;0
7000;0;0
4500;1;0
5700;0;1
7000;0;0
6000;1;0
4000;0;0
14000;0;0
8000;3;0
8000;0;0
5000;1;1
15000;0;0
8000;1;1
6500;0;0
9500;0;0
3650;2;1
9000;0;0
2300;1;1
8000;0;0
10000;0;0
6000;0;0
15000;1;0
5600;1;0
3700;0;0
6500;0;1
12480;0;0
7000;0;0
7500;1;1
4000;1;0
3446,78;1;0
7500;3;0
6000;1;1
7303,63;3;0
3500;0;0
5000;0;0
6000;0;0
3200;2;1
7000;1;1
6500;1;1
6500;0;1
5600;0;0
21000;1;1
7200;0;1
8500;1;1
8000;1;1
15000;1;1
5300;0;0
10000;1;1
2500;0;0
10000;1;1
3800;1;1
6000;1;1
3320,03;1;0
9693,33;1;1
55196,75;2;0
5940,56;1;0
7000;1;0
2178;3;0
5000;2;0
5000;1;1
3700;1;0
7500;3;0
3600;1;0
13485,27;0;0
12000;2;1
14449;1;1
7200;2;0
8000;1;1
9000;0;0
7000;1;0
6000;1;0
3098,78;2;0
9000;0;0
10000;1;1
5500;1;0
2840,55;1;0
3800;0;0
7973;1;1
9672,5;0;0
5500;1;1
5500;2;1
6000;2;0
5000;0;0
5000;0;0
8500;1;1
10500;0;0
5780;2;1
7837;2;1
30000;2;0
5200;1;1
